hour_utc,transfer_legs,amount_usdc
0,4508317,117577693657.034027
1,5374030,106982699066.892028
2,4403054,111263935050.778039
3,4839885,120712994845.06383
4,4108403,114340759912.560761
5,3842461,117577548881.955829
6,3864055,110863309329.689919
7,4145559,110812844610.136198
8,4423121,108812531052.308268
9,4565732,106575958538.540843
10,4449084,131196972355.823256
11,4695640,124644095885.743619
12,5464971,115766549585.233929
13,5795669,99107660832.142694
14,5866532,120238420021.289138
15,5501161,118107713485.036791
16,5249516,109499717454.139694
17,5107249,110777565868.376433
18,4691614,126577128681.768616
19,4331852,120050239460.298458
20,4037822,126743716914.159215
21,3809818,121702297133.162168
22,3809379,128007177642.24729
23,3450009,125435593213.902303
