hour_utc,metric,tx_count,value_max_usdc,value_sum_usdc
0,all,2672,1189.818665,1189.818665
0,has_suffix,1098,1.368419,1.368419
0,facilitator,0,0,0
1,all,2407,492.056978,492.056978
1,has_suffix,918,2.265643,2.265643
1,facilitator,0,0,0
2,all,2742,1511.201258,1511.201258
2,has_suffix,1098,2.140349,2.140349
2,facilitator,0,0,0
3,all,2488,96.235181,96.235181
3,has_suffix,1359,3.086073,3.086073
3,facilitator,1,0.01,0.01
4,all,2278,2373.385418,2373.385418
4,has_suffix,1094,2.678335,2.678335
4,facilitator,0,0,0
5,all,2277,118.754784,118.754784
5,has_suffix,1067,2.582222,2.582222
5,facilitator,0,0,0
6,all,2395,96.782860,96.782860
6,has_suffix,949,1.632848,1.632848
6,facilitator,0,0,0
7,all,2572,334.798324,334.798324
7,has_suffix,1118,2.213561,2.213561
7,facilitator,0,0,0
8,all,2722,248.609918,248.609918
8,has_suffix,1224,2.726631,2.726631
8,facilitator,1,0.2,0.2
9,all,2652,461.214272,461.214272
9,has_suffix,1080,6.491775,6.491775
9,facilitator,0,0,0
10,all,2664,5302.210574,5302.210574
10,has_suffix,1178,1.908047,1.908047
10,facilitator,0,0,0
11,all,2731,1648.522654,1648.522654
11,has_suffix,1272,1.900874,1.900874
11,facilitator,0,0,0
12,all,3033,2936.379336,2936.379336
12,has_suffix,1315,1.755450,1.755450
12,facilitator,0,0,0
13,all,2825,2233.218758,2233.218758
13,has_suffix,1238,20.563977,20.563977
13,facilitator,2,13.8225,13.8225
14,all,3655,848.374711,848.374711
14,has_suffix,1309,3.286228,3.286228
14,facilitator,0,0,0
15,all,2909,3840.728248,3840.728248
15,has_suffix,1236,3.193410,3.193410
15,facilitator,1,0.001,0.001
16,all,2903,4674.465547,4674.465547
16,has_suffix,1340,2.313688,2.313688
16,facilitator,0,0,0
17,all,3003,2689.964339,2689.964339
17,has_suffix,1464,2.253101,2.253101
17,facilitator,2,0.002,0.002
18,all,2676,804.189239,804.189239
18,has_suffix,1164,3.710682,3.710682
18,facilitator,0,0,0
19,all,2721,1647.843834,1647.843834
19,has_suffix,1194,2.569349,2.569349
19,facilitator,0,0,0
20,all,2452,1090.942360,1090.942360
20,has_suffix,1067,3.248738,3.248738
20,facilitator,3,0.041,0.041
21,all,2427,680.577054,680.577054
21,has_suffix,1043,1.675416,1.675416
21,facilitator,0,0,0
22,all,2775,1363.666466,1363.666466
22,has_suffix,1167,1.727783,1.727783
22,facilitator,0,0,0
23,all,2778,362.452406,362.452406
23,has_suffix,1052,1.954268,1.954268
23,facilitator,0,0,0
